ContentID	Version	Name	Region	Field5	Field6	PKGLink	FileSize	Field9
HOMEBREW-0001	2009	NES – FCEU-PSP	PSP			https://archive.org/details/fceu-psp.7z	N/A	
HOMEBREW-0002	2011	NES – FCEUltra (Japanese)	PSP			https://archive.org/details/fceultra-j.-7z	N/A	
HOMEBREW-0003	2005	NES – Famicontest	PSP			https://archive.org/details/famicontest031.7z	N/A	
HOMEBREW-0004	2005	NES – InfoNES	PSP			https://archive.org/details/info-nes-r-03.7z	N/A	
HOMEBREW-0005	2007	NES – Little John NES	PSP			https://archive.org/details/lj-nes-psp.7z	N/A	
HOMEBREW-0006	2011	NES – Mednafen PSP	PSP			https://archive.org/details/mednafenPSP	N/A	
HOMEBREW-0007	2005	NES – NES (by REi)	PSP			https://archive.org/details/nes-05.7z	N/A	
HOMEBREW-0008	2011	NES – NesterJ 3D	PSP			https://archive.org/details/nester-j-3-d-a.-7z	N/A	
HOMEBREW-0009	2012	NES – NesterJ AoEX	PSP			https://archive.org/details/nintendo-nester-j-ao-ex-r-3.7z	N/A	
HOMEBREW-0010	2008	NES – NesterJ PSP for CN	PSP			https://archive.org/details/nester-j-0.3cn.-7z	N/A	
HOMEBREW-0011	2010	NES – NesterJ Plus RM	PSP			https://archive.org/details/nester-p.-7z_202106	N/A	
HOMEBREW-0012	2012	NES – NesterJ (Russian)	PSP			https://archive.org/details/nester-j	N/A	
HOMEBREW-0013	2016	NES – NesterJ RX Mod	PSP			https://archive.org/details/nester-j-112-rx-mod-20160324.7z	N/A	
HOMEBREW-0014	2010	NES – NesterJ	PSP			https://archive.org/details/nester-j-v-113beta-2	N/A	
HOMEBREW-0015	2006	NES – NesterJ Adhoc	PSP			https://archive.org/details/nester-j-v-1-20beta-2.7z	N/A	
HOMEBREW-0016	2011	NES – NesterJ (Chinese)	PSP			https://archive.org/details/nester-p.-7z	N/A	
HOMEBREW-0017	2006	NES – PSPFceUltra	PSP			https://archive.org/details/pspfceultra_rls_2.7z	N/A	
HOMEBREW-0018	2005	NES – Unofficial NesterJ	PSP			https://archive.org/details/uo_nj2.7z	N/A	
HOMEBREW-0019	2006	NES – e[mulator]	PSP			https://archive.org/details/emulator_082f.7z	N/A	
HOMEBREW-0020	2011	SNES – Snes9x Euphoria	PSP			https://archive.org/details/snes9x_euphoria_r5beta3.7z	N/A	
HOMEBREW-0021	2011	SNES – Snes9x Euphoria (no menu)	PSP			https://archive.org/details/snes-9x-euphoria-no-me.-7z	N/A	
HOMEBREW-0022	2005	SNES – Snes9x Unofficial	PSP			https://archive.org/details/snes-9-x-yoshihiro-optimized.-7z	N/A	
HOMEBREW-0023	2005	SNES – Snes9x (first PSP port)	PSP			https://archive.org/details/snes-9-x.-7z	N/A	
HOMEBREW-0024	2009	SNES – Snes9xTYL mecm	PSP			https://archive.org/details/s9xTYLmecm091115.7z	N/A	
HOMEBREW-0025	2006	SNES – SnesPSP TYL	PSP			https://archive.org/details/s9xTYL-0.4.2me.7z	N/A	
HOMEBREW-0026	2007	SNES – Snes9x TYL (ruka)	PSP			https://archive.org/details/snes-9x-tyl-0.4.2me.-7z	N/A	
HOMEBREW-0027	2018	SNES – s9xTYLme Mod	PSP			https://archive.org/details/s9xTYLme_mod.7z	N/A	
HOMEBREW-0028	2011	SNES – snes9x/1.52.81	PSP			https://archive.org/details/snes9x-1.52.81-psp.7z	N/A	
HOMEBREW-0029	2015	SNES – snes9xTYL (mod)	PSP			https://archive.org/details/s9xTYLmecm_mod.7z	N/A	
HOMEBREW-0030	2005	SNES – uo Snes9x	PSP			https://archive.org/details/uo_Snes9x-0.02pd2-20050728.7z	N/A	
HOMEBREW-0031	2010	SNES – uoSnes9x (ruka/y)	PSP			https://archive.org/details/y33Ruka0034.7z	N/A	
HOMEBREW-0032	2007	N64 – Daedalus	PSP			https://archive.org/details/daedalus.-7z	N/A	
HOMEBREW-0033	2019	N64 – DaedalusX64	PSP			https://archive.org/details/daedalus-x-64.7z	N/A	
HOMEBREW-0034	2006	N64 – Monkey64	PSP			https://archive.org/details/monkey-64-0311.7z	N/A	
HOMEBREW-0035	2006	N64 – Nincest 64	PSP			https://archive.org/details/nincest-64.7z	N/A	
HOMEBREW-0036	2010	N64 – Siren64	PSP			https://archive.org/details/siren-64-rev-466.-7z	N/A	
HOMEBREW-0037	2022	GB/C – FunkyBoy	PSP			https://archive.org/details/funky-boy-psp	N/A	
HOMEBREW-0038	2021	GB/C – Gambatte PSP SDL	PSP			https://archive.org/details/gambatte-psp-sdl	N/A	
HOMEBREW-0039	2006	GB/C – GeMP (Homer's RIN)	PSP			https://archive.org/details/ge-mp.-7z	N/A	
HOMEBREW-0040	2007	GB/C – MasterBoy (Brunni)	PSP			https://archive.org/details/masterboy.-7z	N/A	
HOMEBREW-0041	2015	GB/C – MasterBoy (theelf)	PSP			https://archive.org/details/masterboy-theelf.7z	N/A	
HOMEBREW-0042	2011	GB/C – Mednafen PSP	PSP			https://archive.org/details/mednafenPSP	N/A	
HOMEBREW-0043	2019	GB/C – PSP RIN (rewind)	PSP			https://archive.org/details/rin-1-32-rm.-7z	N/A	
HOMEBREW-0044	2006	GB/C – PSP-gnuboy	PSP			https://archive.org/details/pspgnuboy_rls.7z	N/A	
HOMEBREW-0045	2021	GB/C – PlutoBoy	PSP			https://archive.org/details/plutoboy.-7z	N/A	
HOMEBREW-0046	2005	GB/C – RIN (first PSP emu)	PSP			https://archive.org/details/gbemu.7z	N/A	
HOMEBREW-0047	2005	GB/C – RIN (N)	PSP			https://archive.org/details/rin_v1.32n1.2.7z	N/A	
HOMEBREW-0048	2017	GB/C – RIN RX	PSP			https://archive.org/details/rin-rx.-7z	N/A	
HOMEBREW-0049	2006	GB/C – SpiceBoy	PSP			https://archive.org/details/spice-boy.-7z	N/A	
HOMEBREW-0050	2006	GB/C – e[mulator]	PSP			https://archive.org/details/emulator_082f.7z	N/A	
HOMEBREW-0051	2011	Virtual Boy – Mednafen PSP	PSP			https://archive.org/details/mednafenPSP	N/A	
HOMEBREW-0052	2007	Virtual Boy – RedDragon	PSP			https://archive.org/details/reddragon20071019.7z	N/A	
HOMEBREW-0053	2006	GBA – GBA emulator (Miemt11)	PSP			https://archive.org/details/pspgba.-7z	N/A	
HOMEBREW-0054	2011	GBA – Mednafen PSP	PSP			https://archive.org/details/mednafenPSP	N/A	
HOMEBREW-0055	2006	GBA – PSPGBA	PSP			https://archive.org/details/pspgba-v-1.2.7z	N/A	
HOMEBREW-0056	2006	GBA – PSPVBA	PSP			https://archive.org/details/pspvba.7z	N/A	
HOMEBREW-0057	2013	GBA – TempGBA	PSP			https://archive.org/details/temp-gba.-7z_202102	N/A	
HOMEBREW-0058	2016	GBA – TempGBA4PSP-Mod	PSP			https://archive.org/details/temp-gba-4-psp-mod.-7z	N/A	
HOMEBREW-0059	2017	GBA – Unofficial gpSP Kai	PSP			https://archive.org/details/gp-sp-kai-v-3.4-test-4-b-230fat.-7z	N/A	
HOMEBREW-0060	2005	GBA – VBA (499氏)	PSP			https://archive.org/details/vbapsp.7z	N/A	
HOMEBREW-0061	2006	GBA – gpSP (gameplaySP)	PSP			https://archive.org/details/gpsp09.7z	N/A	
HOMEBREW-0062	2012	GBA – gpSP-J (Japanese)	PSP			https://archive.org/details/gpSP-J.7z	N/A	
HOMEBREW-0063	2009	GBA – gpSP-mod	PSP			https://archive.org/details/gpSPmod20090720.7z	N/A	
HOMEBREW-0064	2009	NDS – DSONPSP	PSP			https://archive.org/details/dsonpsp-beta-7-wip.-7z	N/A	
HOMEBREW-0065	2010	NDS – DSONPSP Mod	PSP			https://archive.org/details/dsonpsp-mod-by-rnb-psp.-7z	N/A	
HOMEBREW-0066	2010	NDS – DSONPSP Unofficial	PSP			https://archive.org/details/dsonpspunnoficial01.7z	N/A	
HOMEBREW-0067	2007	NDS – DeSmuME	PSP			https://archive.org/details/de-smu-me-20070725.7z	N/A	
HOMEBREW-0068	2021	NDS – DeSmuME PSP	PSP			https://archive.org/details/desmume-psp-20200927.7z	N/A	
HOMEBREW-0069	2007	NDS – Unofficial DeSmuME Useless	PSP			https://archive.org/details/de-smu-me-psp-useless-edition.-7z	N/A	
HOMEBREW-0070	2010	SMS/GG – SMS Plus PSP	PSP			https://archive.org/details/smsplus-1.3.1-1.0.7z	N/A	
HOMEBREW-0071	2006	SMS – EmuSMS	PSP			https://archive.org/details/emusms10.7z	N/A	
HOMEBREW-0072	2007	SMS – MasterBoy	PSP			https://archive.org/details/masterboy.-7z	N/A	
HOMEBREW-0073	2011	SMS – Mednafen PSP	PSP			https://archive.org/details/mednafenPSP	N/A	
HOMEBREW-0074	2006	SMS – MMSPlus	PSP			https://archive.org/details/mmsplus.-7z	N/A	
HOMEBREW-0075	2006	SMS – PSPMaster	PSP			https://archive.org/details/pspm.-7z	N/A	
HOMEBREW-0076	2005	SMS – SMS PSP (Yoshihiro)	PSP			https://archive.org/details/sms-psp-v-0.3.7z	N/A	
HOMEBREW-0077	2010	SMS – SMS Plus PSP (Akop)	PSP			https://archive.org/details/smsplus-1.3.1-1.0.7z	N/A	
HOMEBREW-0078	2015	SMS – SMS Plus PSP (theelf)	PSP			https://archive.org/details/smsplus.-7z_202107	N/A	
HOMEBREW-0079	2008	SMS – SMS Plus PSP Adhoc	PSP			https://archive.org/details/smsplusadhoc.7z	N/A	
HOMEBREW-0080	2015	SMS – SMS Plus PSP (Japanese)	PSP			https://archive.org/details/smsppsp_jp.7z	N/A	
HOMEBREW-0081	2005	SMS – SMSPlus (Chris Swindle)	PSP			https://archive.org/details/smsplus.-7z	N/A	
HOMEBREW-0082	2006	SMS – e[mulator]	PSP			https://archive.org/details/emulator_082f.7z	N/A	
HOMEBREW-0083	2006	Genesis/MD – DGEN	PSP			https://archive.org/details/dgen-170-lite.-7z	N/A	
HOMEBREW-0084	2007	Genesis/MD – DGEN Lite	PSP			https://archive.org/details/dgen-170-lite	N/A	
HOMEBREW-0085	2011	Genesis/MD – DGEN RX	PSP			https://archive.org/details/dgen-170-rx.-7z	N/A	
HOMEBREW-0086	2010	Genesis/MD – DGEN (Chinese)	PSP			https://archive.org/details/dgen-170-cn-plus.-7z	N/A	
HOMEBREW-0087	2005	Genesis/MD – Generator PSP	PSP			https://archive.org/details/genpsp0_01_11.7z	N/A	
HOMEBREW-0088	2011	Genesis/MD – Mednafen PSP	PSP			https://archive.org/details/mednafenPSP	N/A	
HOMEBREW-0089	2005	Genesis/MD – Megadrive (Osakana)	PSP			https://archive.org/details/mdp-02.7z	N/A	
HOMEBREW-0090	2005	Genesis/MD – PSPGenesis	PSP			https://archive.org/details/pspgenesis.-7z	N/A	
HOMEBREW-0091	2005	Genesis/MD – PSPGenesis (Chinese)	PSP			https://archive.org/details/genesis-0.18c.-7z	N/A	
HOMEBREW-0092	2006	Genesis/MD – PSPadrive	PSP			https://archive.org/details/pspadrive.7z	N/A	
HOMEBREW-0093	2006	Genesis/MD – Pico-drive	PSP			https://archive.org/details/picodrivea14.7z	N/A	
HOMEBREW-0094	2018	Genesis/MD – PicoDrive (1.92.3)	PSP			https://archive.org/details/picodrive-1.92.3.7z	N/A	
HOMEBREW-0095	2021	Genesis/MD – PicoDrive (irixxxx)	PSP			https://archive.org/details/pico-drive	N/A	
HOMEBREW-0096	2008	Genesis/MD – PicoDrive (Notaz)	PSP			https://archive.org/details/pico-drive-psp-151b.-7z	N/A	
HOMEBREW-0097		Genesis/MD – PicoDrive (Russian)	PSP			https://archive.org/details/pico-drive-rus.-7z	N/A	
HOMEBREW-0098	2010	Genesis/MD – PicoDrive (Chinese)	PSP			https://archive.org/details/pico-drive-cn-bin.-7z	N/A	
HOMEBREW-0099	2009	Genesis/MD – Unofficial Picodrive R	PSP			https://archive.org/details/uoPicodrive135bR_by_davex-psp_slim.7z	N/A	
HOMEBREW-0100	2010	Saturn – Yabause	PSP			https://archive.org/details/yabause-0.9.10-psp.7z	N/A	
HOMEBREW-0101	2021	Dreamcast – nullDC-PSP	PSP			https://archive.org/details/nullDC-PSP	N/A	
HOMEBREW-0102	2005	Dreamcast – VirtuaMUnstaz VMS	PSP			https://archive.org/details/vmudemo.-7z	N/A	
HOMEBREW-0103	2006	Game Gear – EmuGG	PSP			https://archive.org/details/emugg10.7z	N/A	
HOMEBREW-0104	2007	Game Gear – MasterBoy	PSP			https://archive.org/details/masterboy.-7z	N/A	
HOMEBREW-0105	2011	Game Gear – Mednafen PSP	PSP			https://archive.org/details/mednafenPSP	N/A	
HOMEBREW-0106	2006	Game Gear – e[mulator]	PSP			https://archive.org/details/emulator_082f.7z	N/A	
HOMEBREW-0107	2020	Atari – Atari800 PSP (Akop)	PSP			https://archive.org/details/atar-01248-00000	N/A	
HOMEBREW-0108	2005	Atari – Atari800 PSP (Aenea)	PSP			https://archive.org/details/atari-800-pspv-0.1.7z	N/A	
HOMEBREW-0109	2007	Atari – CaSTaway/PSP (Atari ST)	PSP			https://archive.org/details/castaway-psp-006.7z	N/A	
HOMEBREW-0110	2010	Atari – Jum52 (Atari 5200)	PSP			https://archive.org/details/jum52_11_PSP.7z	N/A	
HOMEBREW-0111	2006	Atari – PJag (Atari Jaguar)	PSP			https://archive.org/details/atari-jaguar-emulator.-7z	N/A	
HOMEBREW-0112	2008	Atari – PSPAtari	PSP			https://archive.org/details/pspatari.7z	N/A	
HOMEBREW-0113	2009	Atari 2600 – PSP2600	PSP			https://archive.org/details/psp2600.7z	N/A	
HOMEBREW-0114	2006	Atari 2600 – Stella	PSP			https://archive.org/details/stella_bin_20060106	N/A	
HOMEBREW-0115	2005	Atari 2600 – Stella PSP	PSP			https://archive.org/details/stella-pspv-0.2.7z	N/A	
HOMEBREW-0116	2010	Atari 7800 – PSP7800 (Underball)	PSP			https://archive.org/details/psp-7800-v-1.4.7z	N/A	
HOMEBREW-0117	2008	Atari 7800 – PSP7800 (ZX-81)	PSP			https://archive.org/details/psp7800.7z	N/A	
HOMEBREW-0118	2005	Atari Lynx – HANDY-PSP	PSP			https://archive.org/details/handy-psp-001.7z	N/A	
HOMEBREW-0119	2007	Atari Lynx – Handy PSP (Akop)	PSP			https://archive.org/details/handypsp.7z	N/A	
HOMEBREW-0120	2011	Atari Lynx – Mednafen PSP	PSP			https://archive.org/details/mednafenPSP	N/A	
HOMEBREW-0121	2006	Atari Lynx – PLynx	PSP			https://archive.org/details/plynx-v-09.7z	N/A	
HOMEBREW-0122	2006	Atari Lynx – e[mulator]	PSP			https://archive.org/details/emulator_082f.7z	N/A	
HOMEBREW-0123	2006	Misc – EmuODD (Odyssey 2)	PSP			https://archive.org/details/pspemuodd-10.7z	N/A	
HOMEBREW-0124	2005	Misc – InfoPyuta (Pyūta)	PSP			https://archive.org/details/infopyuta-2xxv-002j.-7z	N/A	
HOMEBREW-0125	2007	Misc – PSPInt (Intellivision)	PSP			https://archive.org/details/pspint.7z	N/A	
HOMEBREW-0126	2008	Misc – Smarcyclem (Smart Cycle)	PSP			https://archive.org/details/smarcyclem.-7z	N/A	
HOMEBREW-0127	2007	Chip-8 – Chip-8	PSP			https://archive.org/details/chip-8.7z	N/A	
HOMEBREW-0128	2007	Chip-8 – DreamChip	PSP			https://archive.org/details/dream-chipv-4.0.7z	N/A	
HOMEBREW-0129	2005	Chip-8 – PSP-Chip8	PSP			https://archive.org/details/pspchip8.7z	N/A	
HOMEBREW-0130	2010	ColecoVision – ColEm PSP	PSP			https://archive.org/details/col-em-psp.-7z	N/A	
HOMEBREW-0131	2006	ColecoVision – EmuCOL	PSP			https://archive.org/details/emucol.7z	N/A	
HOMEBREW-0132	2009	ColecoVision – PSPColem	PSP			https://archive.org/details/pspcolem.7z	N/A	
HOMEBREW-0133	2005	PC Engine – HuE	PSP			https://archive.org/details/hu-epsp-070.7z	N/A	
HOMEBREW-0134	2011	PC Engine – Mednafen PSP	PSP			https://archive.org/details/mednafenPSP	N/A	
HOMEBREW-0135	2012	PC Engine – PCE	PSP			https://archive.org/details/pcep-083-d-6.7z	N/A	
HOMEBREW-0136	2009	PC Engine – PSPHUGO	PSP			https://archive.org/details/psphugo.7z	N/A	
HOMEBREW-0137	2006	PC Engine – e[mulator]	PSP			https://archive.org/details/emulator_082f.7z	N/A	
HOMEBREW-0138	2006	PlayStation – PS1P	PSP			https://archive.org/details/ps1p_alpha1.7z	N/A	
HOMEBREW-0139	2006	PlayStation – Psx-P	PSP			https://archive.org/details/psxp.-7z	N/A	
HOMEBREW-0140	2006	Vectrex – PSP VecX	PSP			https://archive.org/details/pspvecx.7z	N/A	
HOMEBREW-0141	2008	Vectrex – PSPVE	PSP			https://archive.org/details/pspve-v1.0.2-fw3x.7z	N/A	
HOMEBREW-0142	2015	Misc handheld – PokeMini	PSP			https://archive.org/details/poke-mini.-7z	N/A	
HOMEBREW-0143	2019	Misc handheld – Potator PSP (Watara)	PSP			https://archive.org/details/potator-psp-akop.-7z	N/A	
HOMEBREW-0144	2011	NeoGeo Pocket – Mednafen PSP	PSP			https://archive.org/details/mednafenPSP	N/A	
HOMEBREW-0145	2007	NeoGeo Pocket – NeoPop PSP	PSP			https://archive.org/details/neopoppsp.7z	N/A	
HOMEBREW-0146	2015	NeoGeo Pocket – RACE! PSP (theelf)	PSP			https://archive.org/details/race.-7z	N/A	
HOMEBREW-0147	2009	NeoGeo Pocket – RACE! PSP (Akop)	PSP			https://archive.org/details/race-2.16-1.0.7z	N/A	
HOMEBREW-0148	2009	NeoGeo Pocket – RACE! PSP (Japanese)	PSP			https://archive.org/details/race-jp.-7z	N/A	
HOMEBREW-0149	2005	NeoGeo Pocket – ngPsp	PSP			https://archive.org/details/ngpsp.7z_202101	N/A	
HOMEBREW-0150	2006	NeoGeo Pocket – e[mulator]	PSP			https://archive.org/details/emulator_082f.7z	N/A	
HOMEBREW-0151	2005	WonderSwan – Cygne	PSP			https://archive.org/details/cygne-000.7z	N/A	
HOMEBREW-0152	2008	WonderSwan – OswanPSP	PSP			https://archive.org/details/oswan-psp-020.7z	N/A	
HOMEBREW-0153	2005	WonderSwan – eSwan	PSP			https://archive.org/details/eSwan009.7z	N/A	
HOMEBREW-0154	2011	WonderSwan – Mednafen PSP	PSP			https://archive.org/details/mednafenPSP	N/A	
HOMEBREW-0155	2005	WonderSwan – oSwan v0.7	PSP			https://archive.org/details/oswan001.7z	N/A	
HOMEBREW-0156	2005	WonderSwan – pSwan	PSP			https://archive.org/details/pSwan_v007.7z	N/A	
HOMEBREW-0157	2006	WonderSwan – e[mulator]	PSP			https://archive.org/details/emulator_082f.7z	N/A	
HOMEBREW-0158	2007	Calculators – PSPX48 (HP48)	PSP			https://archive.org/details/pspx48.7z	N/A	
HOMEBREW-0159	2009	Calculators – PSPXTI (TI-92)	PSP			https://archive.org/details/pspxti-v1.3.0-fw5x.7z	N/A	
HOMEBREW-0160	2005	Amstrad CPC – CPCPSP	PSP			https://archive.org/details/cpcpsp-v-01.7z	N/A	
HOMEBREW-0161	2019	Amstrad CPC – Caprice32	PSP			https://archive.org/details/cpc-300750-00000	N/A	
HOMEBREW-0162	2009	Amstrad CPC – PSPCAP32	PSP			https://archive.org/details/pspcap32.7z	N/A	
HOMEBREW-0163	2005	Apple – Apple II Portable (PYAE)	PSP			https://archive.org/details/pyae-0.1-0173.7z	N/A	
HOMEBREW-0164	2008	Apple – Basilisk II (Mac)	PSP			https://archive.org/details/b2test22.7z	N/A	
HOMEBREW-0165	2005	Apple – Basilisk II PSP	PSP			https://archive.org/details/basilisk-iipsp.-7z	N/A	
HOMEBREW-0166	2008	Commodore – PSPPLUS4	PSP			https://archive.org/details/pspplus4.7z	N/A	
HOMEBREW-0167	2018	Commodore – PSPVic20	PSP			https://archive.org/details/pspvic20.7z	N/A	
HOMEBREW-0168	2007	Commodore – PSPYape (Plus/4)	PSP			https://archive.org/details/pspyape.7z	N/A	
HOMEBREW-0169	2008	C64 – PSPVice	PSP			https://archive.org/details/pspvice.7z	N/A	
HOMEBREW-0170	2019	C64 – Vice-PSP	PSP			https://archive.org/details/pspvice_3.2.5.7z	N/A	
HOMEBREW-0171	2005	C64 – c64psp	PSP			https://archive.org/details/c64psp.7z	N/A	
HOMEBREW-0172	2008	Amiga – PSP UAE4ALL	PSP			https://archive.org/details/pspuae-4-allr-1.7z	N/A	
HOMEBREW-0173	2005	Amiga – PSP-UAE	PSP			https://archive.org/details/pspuae-0.41	N/A	
HOMEBREW-0174	2014	Amiga – PSPUAE	PSP			https://archive.org/details/pspuae-080-beta-13.7z	N/A	
HOMEBREW-0175	2005	DOS/x86 – Bochs	PSP			https://archive.org/details/bochs-freedos.7z	N/A	
HOMEBREW-0176	2020	DOS/x86 – DOSBox	PSP			https://archive.org/details/dosbox-psp.-7z	N/A	
HOMEBREW-0177	2021	DOS/x86 – UniPCemu	PSP			https://archive.org/details/uni-pcemu-psp.-7z	N/A	
HOMEBREW-0178	2005	MSX – HitBit	PSP			https://archive.org/details/hitbit.-7z	N/A	
HOMEBREW-0179	2009	MSX – PSPMSX	PSP			https://archive.org/details/pspmsx.7z	N/A	
HOMEBREW-0180	2018	MSX – fMSX PSP	PSP			https://archive.org/details/fmsxpsp.7z	N/A	
HOMEBREW-0181	2005	MSX – fMSX (osakana)	PSP			https://archive.org/details/fMSX061.7z	N/A	
HOMEBREW-0182	2008	MSX – uMSX	PSP			https://archive.org/details/uMSX.7z	N/A	
HOMEBREW-0183	2008	PC-88 – Q88PSP	PSP			https://archive.org/details/q-88-pv-07.7z	N/A	
HOMEBREW-0184	2008	PC-88 – QUASI88	PSP			https://archive.org/details/3q-88px-080220.7z	N/A	
HOMEBREW-0185	2011	PC-98 – NP2	PSP			https://archive.org/details/np-2-for-psp-v-0.39.7z	N/A	
HOMEBREW-0186	2011	PC-98 – NP21	PSP			https://archive.org/details/np-21-for-psp-v-0.39.7z	N/A	
HOMEBREW-0187	2009	Thomson – PSPMO5	PSP			https://archive.org/details/pspmo5-v1.2.0-fw5x.7z	N/A	
HOMEBREW-0188	2008	Thomson – PSPTHOM	PSP			https://archive.org/details/pspthom-fw-15.7z	N/A	
HOMEBREW-0189	2009	ZX Spectrum – Fuse PSP	PSP			https://archive.org/details/fuse.7z	N/A	
HOMEBREW-0190	2008	ZX Spectrum – PSPZX81	PSP			https://archive.org/details/pspzx81v1.2.0fw3x.7z	N/A	
HOMEBREW-0191	2006	ZX Spectrum – PsPectrum	PSP			https://archive.org/details/ps-pectrum.-7z	N/A	
HOMEBREW-0192	2015	ZX Spectrum – Unreal Speccy Portable	PSP			https://archive.org/details/usp_0.0.62.7z	N/A	
HOMEBREW-0193	2011	Misc PC – Mednafen PSP (PC-FX)	PSP			https://archive.org/details/mednafenPSP	N/A	
HOMEBREW-0194	2007	Misc PC – Pyldin 601	PSP			https://archive.org/details/pyldin601-psp-3.2rev93	N/A	
HOMEBREW-0195	2007	Misc PC – PSPBEEB (BBC Micro)	PSP			https://archive.org/details/pspbeeb.7z	N/A	
HOMEBREW-0196	2008	Misc PC – PSPDragon (Dragon/Coco)	PSP			https://archive.org/details/pspdragon.7z	N/A	
HOMEBREW-0197	2008	Misc PC – PSPSIM (SamCoupé)	PSP			https://archive.org/details/pspsim-v1.2.1-fw3x.7z	N/A	
HOMEBREW-0198	2008	Misc PC – PSPTI99 (TI-99/4)	PSP			https://archive.org/details/pspti99-v1.0.3-fw3x.7z	N/A	
HOMEBREW-0199	2014	Misc PC – PX68K (X68000)	PSP			https://archive.org/details/px-68-k-for-psp-ver-0.10.7z	N/A	
HOMEBREW-0200	2017	Arcade (Cave) – FBA4PSP Cave	PSP			https://archive.org/details/cave.7z	N/A	
HOMEBREW-0201	2009	Arcade (PGM) – FBA4PSP PGM	PSP			https://archive.org/details/pgm.7z	N/A	
HOMEBREW-0202	2017	Arcade (Psikyo) – FBA4PSP Psikyo	PSP			https://archive.org/details/fba-4-psp-psikyocorenocache.-7z	N/A	
HOMEBREW-0203	2009	Arcade (Sega) – FBA4PSP Sega	PSP			https://archive.org/details/sega.7z	N/A	
HOMEBREW-0204	2013	Arcade (Cave) – FinalBurn Alpha LB	PSP			https://archive.org/details/fba.-7z	N/A	
HOMEBREW-0205	2006	Arcade – Irem M72	PSP			https://archive.org/details/m-72_20210910	N/A	
HOMEBREW-0206	2007	Arcade – MVSPSP (NeoGeo)	PSP			https://archive.org/details/mvspsp-slim-2.3.5.7z	N/A	
HOMEBREW-0207	2014	Arcade – MVSPSP (theelf)	PSP			https://archive.org/details/mvspsp-theelf.-7z	N/A	
HOMEBREW-0208	2006	Arcade – NamcoNA	PSP			https://archive.org/details/namcoNA.7z	N/A	
HOMEBREW-0209	2006	Arcade – TaitoAX	PSP			https://archive.org/details/taitoAX.7z	N/A	
HOMEBREW-0210	2021	Arcade – The Simpsons Arcade	PSP			https://archive.org/details/simpsons.7z	N/A	
HOMEBREW-0211	2020	Arcade – Unofficial MVSPSP	PSP			https://archive.org/details/uo_mvspsp_2.3.1_1.5_kernel_mod_r5.7z	N/A	
HOMEBREW-0212	2006	CPS1 – CPS1 Emulator	PSP			https://archive.org/details/ccps-1.7z	N/A	
HOMEBREW-0213	2007	CPS1 – CPS1PSP (NJ)	PSP			https://archive.org/details/cps-1-psp-2.3.5.7z	N/A	
HOMEBREW-0214	2006	CPS1 – CPS1PSP with Rewind	PSP			https://archive.org/details/nj-cps-1-psp-101zc-rewind	N/A	
HOMEBREW-0215	2007	CPS2 – CPS2PSP (NJ)	PSP			https://archive.org/details/cps-2-psp-slim-2.3.5.7z	N/A	
HOMEBREW-0216	2006	CPS2 – CPS2psp	PSP			https://archive.org/details/c-2-p-101-a-00.7z	N/A	
HOMEBREW-0217		CPS3 – FBA4PSP CPS3	PSP			https://archive.org/details/cps3.7z	N/A	
HOMEBREW-0218	2014	CPS1 – Unofficial CPS1PSP	PSP			https://archive.org/details/uo_cps1psp_2.3.1_1.5_kernel_mod_r5.7z	N/A	
HOMEBREW-0219	2014	CPS2 – Unofficial CPS2PSP	PSP			https://archive.org/details/uo_cps2psp_2.3.1_1.5_kernel_mod_r5.7z	N/A	
HOMEBREW-0220	2010	MAME – PSPMAME Bandai	PSP			https://archive.org/details/mame097_psp_r06.7z	N/A	
HOMEBREW-0221	2010	MAME – PSPMAME Capcom	PSP			https://archive.org/details/capcom.7z	N/A	
HOMEBREW-0222	2010	MAME – PSPMAME Deco	PSP			https://archive.org/details/deco.7z	N/A	
HOMEBREW-0223	2010	MAME – PSPMAME Irem	PSP			https://archive.org/details/irem.7z	N/A	
HOMEBREW-0224	2010	MAME – PSPMAME Jaleco	PSP			https://archive.org/details/jaleco.7z	N/A	
HOMEBREW-0225	2010	MAME – PSPMAME Konami	PSP			https://archive.org/details/konami.7z	N/A	
HOMEBREW-0226	2009	MAME – PSPMAME Konami 2	PSP			https://archive.org/details/pspmame-0.97-konami-2.7z	N/A	
HOMEBREW-0227	2010	MAME – PSPMAME Namco	PSP			https://archive.org/details/namco.7z	N/A	
HOMEBREW-0228	2009	MAME – PSPMAME Namco 2	PSP			https://archive.org/details/pspmame-0.97-namco-2.7z	N/A	
HOMEBREW-0229	2010	MAME – PSPMAME Nichibutsu	PSP			https://archive.org/details/nichibutsu.7z	N/A	
HOMEBREW-0230		MAME – PSPMAME Nintendo	PSP			https://archive.org/details/pspmame-0.97-nintendo.-7z	N/A	
HOMEBREW-0231	2010	MAME – PSPMAME SNK	PSP			https://archive.org/details/snk.7z_202104	N/A	
HOMEBREW-0232	2010	MAME – PSPMAME Sega	PSP			https://archive.org/details/sega.7z_202104	N/A	
HOMEBREW-0233	2009	MAME – PSPMAME Sega 2	PSP			https://archive.org/details/pspmame-0.97-sega-2.7z	N/A	
HOMEBREW-0234	2010	MAME – PSPMAME Sunsoft	PSP			https://archive.org/details/sunsoft.7z	N/A	
HOMEBREW-0235	2010	MAME – PSPMAME Taito	PSP			https://archive.org/details/taito.7z	N/A	
HOMEBREW-0236	2010	MAME – PSPMAME Taito 2	PSP			https://archive.org/details/taito2.7z	N/A	
HOMEBREW-0237	2010	MAME – PSPMAME Technos	PSP			https://archive.org/details/technos.7z	N/A	
HOMEBREW-0238	2010	MAME – PSPMAME Tecmo	PSP			https://archive.org/details/tecmo.7z	N/A	
HOMEBREW-0239	2011	MAME – PSPMAME Universal	PSP			https://archive.org/details/universal.7z	N/A	
HOMEBREW-0240	2010	MAME – PSPMAME Upl	PSP			https://archive.org/details/upl.7z	N/A	
HOMEBREW-0241	2021	MAME – E pluribus MAME	PSP			https://archive.org/details/pspMAME	N/A	
HOMEBREW-0242	2017	MAME – FBA4PSP (1,700+ games)	PSP			https://archive.org/details/fba-4-psp.-7z	N/A	
HOMEBREW-0243	2009	MAME – FBA4PSP Mid	PSP			https://archive.org/details/mid.7z	N/A	
HOMEBREW-0244		MAME – FBA4PSP Small	PSP			https://archive.org/details/small.7z	N/A	
HOMEBREW-0245	2011	MAME – MAME4ALL (Japanese)	PSP			https://archive.org/details/mame-4-all-v-4.9r-2-jp.-7z	N/A	
HOMEBREW-0246	2006	MAME – MAME4ALL-PSP	PSP			https://archive.org/details/mame-4-allpsp.-7z	N/A	
HOMEBREW-0247	2006	MAME – MAME4ALLPSP	PSP			https://archive.org/details/mame-4-allpsp.-7z_202107	N/A	
HOMEBREW-0248	2006	MAME – MAMEPSP	PSP			https://archive.org/details/mamepsp.-7z	N/A	
HOMEBREW-0249	2020	MAME – PSP Mame4All	PSP			https://archive.org/details/psp-mame-4-all-v-5.1.7z	N/A	
HOMEBREW-0250	2008	MAME – Unofficial FB Alpha LB	PSP			https://archive.org/details/uofba4psplb20081005.7z	N/A	
HOMEBREW-0251	2010	MAME – pspMame Deathrash Vol 2.5	PSP			https://archive.org/details/pspMame-Deathrash-vol2-RC2.7z	N/A	
HOMEBREW-0252	2010	MAME – pspMame Deathrash Vol 3	PSP			https://archive.org/details/pspMame-Deathrash-vol3-RC2.7z	N/A	
HOMEBREW-0253	2010	MAME – pspMame Deathrash Vol I	PSP			https://archive.org/details/psp-mame-deathrash.-7z	N/A	
HOMEBREW-0254		MAME – xmame	PSP			https://archive.org/details/mame.-7z	N/A	
