title_id	region	title	pkg_direct_link	content_id	last_modification_date	rap	download_rap_file	file_size_bytes	sha256
NPJH00039	JP	Hatsune Miku: Project DIVA - Ouka Gakkyokushuu Deluxe Pack 1 MikuUta Okawari	http://zeus.dl.playstation.net/cdn/JP0177/NPJH00039_00/c79WN8ucy5vXjxbW4b4UWjjuCbWauNcsH0StMiCXJA935ckiFo2U[...]	JP0177-NPJH00039_00-[...]					
NPUG80413	US	Piyotama® PSP® Halloween Day Skin	http://zeus.dl.playstation.net/cdn/UP9000/NPUG80413_00/db9sgPN5fesHgsgmtMajQcF3tIulgRL6PFAXyDtmpt8lgUq8m9BrBcDCAa1HGRY0oYX28jffwlMLgYV0M9EQemq5XyRwa[...]	UP9000-NPUG80413_00-[...]					
NPUG80413	US	Piyotama® PSP® Christmas Skin	http://zeus.dl.playstation.net/cdn/UP9000/NPUG80413_00/AIhreUhTMUySeHnlViWdozUItsnHLMiafMTvCyTDkTfxMMtXTDPTmnXsTMvSaabQeOkrHdySFhxrKiUUYIcpJQNKuSiJdPfAZ[...]	UP9000-NPUG80413_00-[...]					
ULUS10431	US	Musicians Wardrobe	http://zeus.dl.playstation.net/cdn/UP1082/ULUS10431_00/DeNauUPAF6AmdpBx9QMRSyo9LQOnXc7FYOOHUc9op7XXLH1R5qemAbeAiJhHoBLiYHEjBcdHqcmcbRgimtLyOrr7fNAAncNSNqWs7.pkg	UP1082-ULUS10431_00-[...]					
ULUS10431	US	Moment Maker Special Effects	http://zeus.dl.playstation.net/cdn/UP1082/ULUS10431_00/bTyercFWMTRdKXxCfkT4tsvBS9lO2mIYG3UHs2HpHfxlJOwW6hoku87s5t9bWkvNY8w0rkxt9hpIYR6NAWWOoOEf1diwnHVHwirk[...]	UP1082-ULUS10431_00-[...]					
ULUS10431	US	Rockstar Stage Prop	http://zeus.dl.playstation.net/cdn/UP1082/ULUS10431_00/e2TdmWMbDev0rRJPLtvXKVwJ2TLovEjIfFH9JXMtuE83dl9S46tvBYtuoVIc40tvPIAxtbwEi4aTC8yhtg0JFhxOntBPQ33Bj7Xrg.pkg	UP1082-ULUS10431_00-[...]					
ULUS10561	US	Prinny™ 2 Super Netherworld	http://zeus.dl.playstation.net/cdn/UP1063/ULUS10561_00/uzcmsSnFBNHlkjKQMiqjUOdsDgWrXKyANXEzvSzXowjMOIUoHGpyBTYkBwvufAURrVVmZmTrxOyIcQmyzjVBnVVHnCpSCVttPC[...]	UP1063-ULUS10561_00-[...]					
ULUS10561	US	Prinny™ 2 Asagi Wars Premium Special Ticket	http://zeus.dl.playstation.net/cdn/UP1063/ULUS10561_00/mkWuFBGbxhQdxlbDiZgRqUFxFrJqHrZQxPEJrxLAUqyrnJyyijNPSDMpeUBUeeqViPRjusrmRQxbldhkumD[...]	UP1063-ULUS10561_00-[...]					
ULUS10563	US	GODS EATER™ BURST DLC	http://zeus.dl.playstation.net/cdn/UP0367/ULUS10563_00/cXYDAJlRQPAEyRQNqfyqkPdtmdFhxVcgkKpCCYtYUTWVvWgveilaYZUcnoYLlCQUSxExgGFLgNigmgXHubQqnileXesrZTShbJlVY.pkg[...]	UP0367-ULUS10563_00-[...]					
